{"80": {"facilities": [258, 13032, 13001, 1711, 12689, 11890, 403, 13043, 374, 13054], "obj_value": 2.3915705245721646, "obj_value_95": 0.6771684455415096, "radius": 2.4601928710937493}}